{"reward": 0, "f2p_total": 52, "f2p_passed": 50, "p2p_total": 15, "p2p_passed": 15, "f2p": 0.9615384615384616, "p2p": 1.0, "partial": 0.9701492537313433}