{"reward": 0, "f2p_total": 52, "f2p_passed": 51, "p2p_total": 15, "p2p_passed": 15, "f2p": 0.9807692307692307, "p2p": 1.0, "partial": 0.9850746268656716}